total_return,cagr,volatility,sharpe,max_dd,n_trades,win_rate,avg_trade,breaker_count,addon_count,name
6.2913937212158135,0.2875284050042912,0.1292914283602847,2.2238783239602076,-0.10544374170943738,218,0.7706422018348624,0.07052762517789378,0,0,1_Base
5.559198855886316,0.27031184833176947,0.12620584255096842,2.1418330789448485,-0.09953221801820333,215,0.7674418604651163,0.07035708167919537,21,0,2_Breaker_1.0_SPY4
4.968116498479983,0.25514263799139547,0.12085368388840478,2.1111697201302686,-0.10128659485416625,216,0.7685185185185185,0.07163755601889867,21,0,3_Breaker_0.5_SPY4
4.5841574727837635,0.2445700582995156,0.11838593554378049,2.0658708923161804,-0.0992987181228393,210,0.7619047619047619,0.07096349505061753,52,0,4_Breaker_1.0_SPY3
6.186428915183188,0.28515566329646136,0.13658601191006706,2.0877369454510295,-0.11662003730256265,216,0.7546296296296297,0.05579487093027624,0,147,5_Addon_Only
5.503366796221317,0.2689312157911168,0.13297725848298766,2.022385021763118,-0.11364696545172659,214,0.7523364485981309,0.05518198496175725,21,145,6_Breaker_1.0_Addon_SPY4
5.712696676381323,0.2740554029442672,0.12666175356063755,2.1636792104971687,-0.09947958752727581,217,0.7695852534562212,0.07079277540690938,13,0,7_Breaker_1.0_SPY5
6.020286941351631,0.28133744004898986,0.13520007053261698,2.080897139629208,-0.11939670660737911,216,0.75,0.055450635865127745,0,123,8_Addon_8pct
