description,cap,max_pos,sizing_pos,sort_col,sat_floor,cagr,sharpe,mdd,avg_exposure,n_trades,n_satellite,win_rate,avg_return,sat_win_rate,sat_avg_return,end_nav
Baseline CAP=12 MaxPos=12 無排序,12,12,12,None,None,0.24189072988063853,2.073958777589722,-0.09707684721584425,0.3708636184171069,163,1,0.7791411042944786,0.07787544935809725,1.0,0.17948985133991568,548091.7335384388
CAP=12 + 排序(earnings_day_return),12,12,12,earnings_day_return,None,0.24189072988063853,2.073958777589722,-0.09707684721584425,0.3708636184171069,163,1,0.7791411042944786,0.07787544935809725,1.0,0.17948985133991568,548091.7335384388
CAP=24 Sizing=12 + 排序,24,24,12,earnings_day_return,None,0.24746987861711345,2.0814821926057037,-0.09700770432831513,0.3809735908351871,169,4,0.7810650887573964,0.07959358473880347,1.0,0.23865543341256512,567728.7541751188
CAP=24 Sizing=12 排序 Floor=3%,24,24,12,earnings_day_return,3.0,0.2454633044217862,2.0751145293194897,-0.09700770432831513,0.3783356962176615,166,0,0.7771084337349398,0.0775220978295634,,,560596.6363605633
CAP=24 Sizing=12 排序 Floor=5%,24,24,12,earnings_day_return,5.0,0.2454633044217862,2.0751145293194897,-0.09700770432831513,0.3783356962176615,166,0,0.7771084337349398,0.0775220978295634,,,560596.6363605633
CAP=24 Sizing=12 排序 Floor=7%,24,24,12,earnings_day_return,7.0,0.2454633044217862,2.0751145293194897,-0.09700770432831513,0.3783356962176615,166,0,0.7771084337349398,0.0775220978295634,,,560596.6363605633
CAP=16 Sizing=12 排序 Floor=5%,16,16,12,earnings_day_return,5.0,0.25012674809546787,2.1154385065423353,-0.09700770432831513,0.3760192986626971,165,0,0.7818181818181819,0.07908480871030113,,,577294.0270163876
CAP=20 Sizing=12 排序 Floor=4%,20,20,12,earnings_day_return,4.0,0.2454633044217862,2.0751145293194897,-0.09700770432831513,0.3783356962176615,166,0,0.7771084337349398,0.0775220978295634,,,560596.6363605633
