total_return,terminal_mult,cagr,volatility,sharpe,max_dd,n_trades,stop_loss_count,addon_count,top10_trades_contrib,top20_trades_contrib,name,stop_loss_pct,addon_stop_pct
12.431271364241928,13.431271364241928,0.3496681152174115,0.16178904660579915,2.1612595076932606,-0.1440129206953451,220,0,116,3.4640759201368923,5.521292531881295,1_NoStop,,
12.431271364241928,13.431271364241928,0.3496681152174115,0.16178904660579915,2.1612595076932606,-0.1440129206953451,220,0,116,3.4640759201368923,5.521292531881295,2_CatStop_25pct,0.25,
12.431271364241928,13.431271364241928,0.3496681152174115,0.16178904660579915,2.1612595076932606,-0.1440129206953451,220,0,116,3.4640759201368923,5.521292531881295,3_CatStop_30pct,0.3,
12.413761391128334,13.413761391128334,0.34946488293640976,0.1614152313600359,2.1650056193081926,-0.14011421535681956,220,0,118,3.4644243225224836,5.521622980108658,4_AddonStop_10pct,,0.1
